id,first_name,last_name,phone,time,has_image
BB7C,Jephtha Veronika Kristen,Tirrell,0245395151,2013-05-08 09:49:27,0
36AF,Elias,Alvarado,0891632801,2012-08-20 09:30:50,0
A6E9,Minnie,Chavez,0955772319,2012-01-02 13:06:38,1
1E27,Lee,Austin,0223104540,2012-03-19 15:49:53,1
DD4C,Felix,West,072-4621547,2012-09-02 11:20:58,1
941B,Elvira,Powell,0448806609,2012-05-26 12:12:42,0
E66E,Juana,Bates,048865961,2012-02-20 18:06:01,1
5BBE,Cary,Thompson,0467674021,2013-06-11 15:57:19,0
B3F9,Juanita,Soto,0389927752,2012-08-27 14:25:15,0
6444,Jessie,Payne,0226514301,2013-10-25 16:43:28,0
A71A,Rudolph,Banks,054-446 3472,2013-11-02 09:32:40,1
C1A2,Corey,Griffith,062966368,2012-08-12 09:39:33,0
9F99,Miguel,Alvarez,+54 (569) 9547 1740,2012-01-08 10:27:07,0
B4D4,Andre,Steele,0487621854,2012-06-17 16:06:32,1
3168,Marc,Delgado,0907216170,2012-04-06 21:35:36,0
DA5B,Don,Hall,0859268458,2012-11-23 08:52:18,0
BF49,Jamie,Greer,017041440,2012-05-11 11:13:59,0
FBC5,None,Ulla,0693206727,2012-08-20 10:37:32,0
5A3F,olga,Sims,0893762571,2012-11-23 19:38:13,1
538F,Wilma,Gonzalez,+54 (5655) 225 8210,2012-07-01 15:02:42,0
3081,Lynda,Chambers,None,2013-03-10 20:01:57,0
D1A9,Timothy,Hines,059-603163,2012-06-24 10:16:58,1
D7AB,Virgil Rut Hefin,Welch,0695304544,2013-05-06 13:08:46,1
5159,Mickael Barrie Linwood,Holmes,03-46129559,2012-12-11 17:48:40,0
56F2,Eloise,Jenkins,0354203289,2012-02-22 20:19:08,0
5511,Winifred,Tran,0188577963,2012-01-27 16:55:42,0
